Date,Posts,Comments,Posts_Comments,Cases,Deaths
2020-01-21 00:00:00.0,0,0.2647058823529412,0.2647058823529412,0.0,0.0
2020-01-22 00:00:00.0,0,0.0,0.0,0.0,0.0
2020-01-23 00:00:00.0,0,0.0,0.0,0.0,0.0
2020-01-24 00:00:00.0,0,0.0,0.0,0.0,0.0
2020-01-25 00:00:00.0,0,0.0,0.0,0.0,0.0
2020-01-26 00:00:00.0,0,0.0,0.0,0.0,0.0
2020-01-27 00:00:00.0,0,0.058823529411764705,0.058823529411764705,0.0,0.0
2020-01-28 00:00:00.0,0,0.23529411764705882,0.23529411764705882,0.0,0.0
2020-01-29 00:00:00.0,0,0.14705882352941177,0.14705882352941177,0.0,0.0
2020-01-30 00:00:00.0,0,0.14705882352941177,0.14705882352941177,0.0,0.0
2020-01-31 00:00:00.0,0,0.14705882352941177,0.14705882352941177,0.0,0.0
2020-02-01 00:00:00.0,0,0.058823529411764705,0.058823529411764705,0.0,0.0
2020-02-02 00:00:00.0,0,0.058823529411764705,0.058823529411764705,0.0,0.0
2020-02-03 00:00:00.0,0,0.08823529411764706,0.08823529411764706,0.0,0.0
2020-02-04 00:00:00.0,0,0.058823529411764705,0.058823529411764705,0.0,0.0
2020-02-05 00:00:00.0,0,0.058823529411764705,0.058823529411764705,0.0,0.0
2020-02-06 00:00:00.0,0,0.0,0.0,0.0,0.0
2020-02-07 00:00:00.0,0,0.058823529411764705,0.058823529411764705,0.0,0.0
2020-02-08 00:00:00.0,0,0.14705882352941177,0.17647058823529413,0.0,0.0
2020-02-09 00:00:00.0,0,0.2647058823529412,0.2647058823529412,0.0,0.0
2020-02-10 00:00:00.0,0,0.23529411764705882,0.23529411764705882,0.0,0.0
2020-02-11 00:00:00.0,0,0.11764705882352941,0.11764705882352941,0.0,0.0
2020-02-12 00:00:00.0,0,0.38235294117647056,0.38235294117647056,0.0,0.0
2020-02-13 00:00:00.0,0,0.029411764705882353,0.029411764705882353,0.0,0.0
2020-02-14 00:00:00.0,0,0.0,0.0,0.0,0.0
2020-02-15 00:00:00.0,0,0.08823529411764706,0.08823529411764706,0.0,0.0
2020-02-16 00:00:00.0,0,0.058823529411764705,0.058823529411764705,0.0,0.0
2020-02-17 00:00:00.0,0,0.14705882352941177,0.14705882352941177,0.0,0.0
2020-02-18 00:00:00.0,0,0.14705882352941177,0.14705882352941177,0.0,0.0
2020-02-19 00:00:00.0,0,0.14705882352941177,0.14705882352941177,0.0,0.0
2020-02-20 00:00:00.0,0,0.029411764705882353,0.029411764705882353,0.0,0.0
2020-02-21 00:00:00.0,0,0.23529411764705882,0.23529411764705882,0.0,0.0
2020-02-22 00:00:00.0,0,0.08823529411764706,0.08823529411764706,0.0,0.0
2020-02-23 00:00:00.0,0,0.17647058823529413,0.17647058823529413,0.0,0.0
2020-02-24 00:00:00.0,0,0.23529411764705882,0.23529411764705882,0.0,0.0
2020-02-25 00:00:00.0,0,0.17647058823529413,0.17647058823529413,0.0,0.0
2020-02-26 00:00:00.0,0,0.17647058823529413,0.17647058823529413,0.0,0.0
2020-02-27 00:00:00.0,0,0.4411764705882353,0.4411764705882353,0.0,0.0
2020-02-28 00:00:00.0,0,0.20588235294117646,0.20588235294117646,0.0,0.0
2020-02-29 00:00:00.0,0,0.20588235294117646,0.20588235294117646,0.0,0.0
2020-03-01 00:00:00.0,0,0.38235294117647056,0.38235294117647056,0.0,0.0
2020-03-02 00:00:00.0,0,0.3235294117647059,0.3235294117647059,0.0,0.0
2020-03-03 00:00:00.0,0,0.29411764705882354,0.29411764705882354,0.0,0.0
2020-03-04 00:00:00.0,0,0.20588235294117646,0.20588235294117646,0.0,0.0
2020-03-05 00:00:00.0,0,0.058823529411764705,0.08823529411764706,0.0,0.0
2020-03-06 00:00:00.0,0,0.20588235294117646,0.20588235294117646,0.0,0.0
2020-03-07 00:00:00.0,0,0.38235294117647056,0.38235294117647056,0.0,0.0
2020-03-08 00:00:00.0,0,0.2647058823529412,0.2647058823529412,0.0,0.0
2020-03-09 00:00:00.0,0,0.4411764705882353,0.4411764705882353,0.0,0.0
2020-03-10 00:00:00.0,0,0.5588235294117647,0.5588235294117647,0.0,0.0
2020-03-11 00:00:00.0,0,0.4411764705882353,0.4411764705882353,0.0,0.0
2020-03-12 00:00:00.0,0,0.5588235294117647,0.5588235294117647,0.0,0.0
2020-03-13 00:00:00.0,0,0.29411764705882354,0.29411764705882354,0.004392386530014641,0.0
2020-03-14 00:00:00.0,0,0.35294117647058826,0.38235294117647056,0.005856515373352855,0.0
2020-03-15 00:00:00.0,0,1.0,1.0,0.007320644216691069,0.0
2020-03-16 00:00:00.0,0,0.9117647058823529,0.9117647058823529,0.007320644216691069,0.0
2020-03-17 00:00:00.0,0,0.6470588235294118,0.6470588235294118,0.007320644216691069,0.0
2020-03-18 00:00:00.0,0,0.5,0.5,0.007320644216691069,0.0
2020-03-19 00:00:00.0,0,0.6470588235294118,0.6470588235294118,0.008784773060029283,0.0
2020-03-20 00:00:00.0,0,0.4117647058823529,0.4117647058823529,0.020497803806734993,0.0
2020-03-21 00:00:00.0,0,0.3235294117647059,0.35294117647058826,0.03074670571010249,0.030303030303030304
2020-03-22 00:00:00.0,0,0.38235294117647056,0.38235294117647056,0.03367496339677892,0.030303030303030304
2020-03-23 00:00:00.0,0,0.5,0.5,0.04538799414348463,0.06060606060606061
2020-03-24 00:00:00.0,0,0.4411764705882353,0.4411764705882353,0.05710102489019034,0.06060606060606061
2020-03-25 00:00:00.0,0,0.29411764705882354,0.29411764705882354,0.0746705710102489,0.06060606060606061
2020-03-26 00:00:00.0,0,0.38235294117647056,0.38235294117647056,0.09370424597364568,0.06060606060606061
2020-03-27 00:00:00.0,0,0.23529411764705882,0.23529411764705882,0.11566617862371889,0.09090909090909091
2020-03-28 00:00:00.0,0,0.2647058823529412,0.2647058823529412,0.14641288433382138,0.09090909090909091
2020-03-29 00:00:00.0,0,0.23529411764705882,0.23529411764705882,0.18594436310395315,0.15151515151515152
2020-03-30 00:00:00.0,0,0.47058823529411764,0.47058823529411764,0.2547584187408492,0.18181818181818182
2020-03-31 00:00:00.0,0,0.35294117647058826,0.35294117647058826,0.34992679355783307,0.24242424242424243
2020-04-01 00:00:00.0,0,0.2647058823529412,0.2647058823529412,0.41874084919472915,0.3333333333333333
2020-04-02 00:00:00.0,0,0.4411764705882353,0.4411764705882353,0.46266471449487556,0.36363636363636365
2020-04-03 00:00:00.0,0,0.14705882352941177,0.14705882352941177,0.5534407027818448,0.45454545454545453
2020-04-04 00:00:00.0,0,0.14705882352941177,0.14705882352941177,0.6617862371888726,0.5454545454545454
2020-04-05 00:00:00.0,0,0.35294117647058826,0.35294117647058826,0.6954612005856515,0.6060606060606061
2020-04-06 00:00:00.0,0,0.35294117647058826,0.35294117647058826,0.7510980966325037,0.6363636363636364
2020-04-07 00:00:00.0,0,0.38235294117647056,0.38235294117647056,0.8389458272327965,0.696969696969697
2020-04-08 00:00:00.0,0,0.17647058823529413,0.17647058823529413,0.9077598828696926,0.7272727272727273
2020-04-09 00:00:00.0,0,0.5,0.5,1.0,1.0
