created_utc,Alaska,Alabama,Arkansas,American Samoa,Arizona,California,Colorado,Connecticut,District of Columbia,Delaware,Florida,Georgia,Guam,Hawaii,Iowa,Idaho,Illinois,Indiana,Kansas,Kentucky,Louisiana,Massachusetts,Maryland,Maine,Michigan,Minnesota,Missouri,Mississippi,Montana,North Carolina,North Dakota,Nebraska,New Hampshire,New Jersey,New Mexico,Nevada,New York,Northern Mariana Islands,Ohio,Oklahoma,Oregon,Pennsylvania,Puerto Rico,Rhode Island,South Carolina,South Dakota,Tennessee,Texas,Utah,Virginia,Virgin Islands,Vermont,Washington,Wisconsin,West Virginia,Wyoming
"",5,15,6,0,11,109,13,4,0,1,80,18,4,12,13,7,20,1,17,6,12,15,10,14,27,9,5,5,3,6,3,8,5,4,1,2,128,0,36,3,19,13,9,6,0,1,5,43,11,8,0,3,117,12,2,3
2020-01-20,0,0,0,0,0,0,0,0,0,0,0,0,0,0,0,0,0,0,0,0,0,0,0,0,0,0,0,0,0,0,0,0,0,0,0,0,0,0,0,0,0,0,0,0,0,0,0,0,0,0,0,0,0,0,0,0
2020-01-21,0,0,0,0,0,1,0,0,0,0,4,0,0,1,0,0,1,0,0,0,0,0,0,0,0,0,0,0,0,0,0,0,0,0,0,0,0,0,0,0,1,0,0,0,0,0,0,1,0,0,0,0,7,0,0,0
2020-01-22,0,0,0,0,0,1,0,0,0,0,1,1,0,1,1,0,0,0,0,0,0,0,0,0,0,0,0,0,0,0,0,0,0,0,0,1,5,0,0,0,0,0,0,0,0,0,0,0,0,1,0,0,8,0,0,0
2020-01-23,4,1,1,0,1,4,0,0,0,1,2,3,1,1,0,1,0,0,1,0,0,0,1,1,1,0,1,0,0,0,0,0,0,0,0,0,9,0,2,0,1,0,0,1,0,0,0,17,0,1,0,0,13,0,0,0
2020-01-24,2,0,0,0,0,12,6,1,0,0,5,0,1,5,1,1,2,1,1,0,0,0,1,3,3,2,0,0,1,3,1,0,0,9,2,0,15,0,1,2,0,0,0,0,1,0,6,27,3,1,0,0,31,6,0,6
2020-01-25,3,2,0,1,0,9,5,1,0,0,4,3,3,3,2,1,8,2,2,0,1,0,2,3,14,0,0,0,0,3,0,0,0,0,0,0,12,0,2,2,5,0,2,0,1,0,5,17,1,0,0,0,34,1,0,0
2020-01-26,6,3,0,0,26,74,10,2,0,0,3,2,0,7,4,0,8,2,0,0,2,0,2,4,10,6,1,0,1,6,0,1,0,1,0,0,24,0,1,1,6,3,8,0,1,0,4,33,1,6,0,0,52,0,1,0
2020-01-27,7,4,2,0,23,61,11,1,0,0,9,2,0,9,7,0,6,5,4,2,1,0,4,4,9,7,7,0,0,0,0,0,7,4,1,2,21,0,2,2,4,2,5,0,0,0,2,22,0,12,0,0,43,5,2,2
2020-01-28,14,3,0,0,11,55,6,1,0,0,6,10,1,6,3,1,0,5,9,2,0,1,7,10,3,2,4,0,0,4,1,2,4,2,0,2,16,0,20,15,7,4,5,0,0,0,3,12,1,3,0,0,22,4,0,1
2020-01-29,32,2,6,0,9,48,1,0,0,7,16,5,3,7,7,1,4,9,20,3,6,0,6,10,3,3,5,2,1,2,1,1,3,0,0,3,32,0,14,6,3,1,5,2,1,0,1,15,0,10,0,0,26,5,0,1
2020-01-30,9,4,14,0,9,67,6,2,0,0,14,3,0,8,2,0,6,4,17,2,1,1,5,10,2,1,2,1,1,0,0,0,2,0,0,2,21,3,7,1,2,0,2,1,0,0,2,23,9,2,0,4,43,3,0,0
2020-01-31,7,1,4,0,5,49,2,0,0,1,12,0,1,4,2,0,18,8,15,2,0,3,2,8,13,2,1,1,1,3,0,1,0,3,0,0,25,0,25,11,3,0,2,0,0,0,0,12,0,5,1,0,35,1,0,0
2020-02-01,2,1,1,1,9,38,6,0,0,1,17,4,0,3,4,0,9,2,3,2,2,23,1,8,11,1,1,0,0,1,0,0,0,1,0,3,35,0,22,1,5,1,3,0,1,0,0,13,3,3,0,0,51,2,1,1
2020-02-02,1,3,3,0,8,63,1,0,0,1,34,14,0,8,5,1,6,1,11,2,0,8,5,7,0,2,1,0,0,6,0,0,1,1,3,4,35,0,16,3,6,1,2,0,0,0,0,15,0,4,0,1,41,0,1,0
2020-02-03,14,0,1,0,5,102,3,0,0,0,23,8,0,6,1,0,5,0,7,4,7,9,5,6,3,5,2,1,0,5,0,4,0,2,1,3,65,0,19,1,5,2,2,0,2,0,0,20,0,3,0,0,48,2,2,3
2020-02-04,5,1,0,0,5,62,2,0,0,0,18,8,0,16,14,2,3,2,2,1,2,1,2,8,8,3,2,0,1,2,1,1,1,1,0,0,43,0,10,1,0,2,0,0,0,0,0,15,3,3,0,0,34,1,0,1
2020-02-05,2,4,0,0,7,51,7,2,0,0,24,0,2,8,14,3,4,1,4,1,0,2,0,10,5,5,0,0,0,2,0,4,1,2,1,3,32,0,15,0,4,3,2,0,1,0,1,16,3,2,0,1,24,53,1,1
2020-02-06,6,3,0,0,7,25,6,2,0,0,24,7,0,9,5,2,6,2,6,3,1,1,0,8,3,1,0,2,1,2,1,0,0,5,1,2,29,1,18,0,3,3,5,0,2,0,3,21,3,8,0,0,25,36,2,2
2020-02-07,4,2,1,0,3,47,3,0,0,0,27,3,18,6,4,2,7,2,18,2,3,1,1,12,2,1,3,3,2,2,0,1,0,27,1,0,34,2,9,2,9,1,9,0,1,0,1,20,2,5,0,0,32,8,3,0
2020-02-08,4,3,1,0,8,29,3,0,0,0,21,6,0,3,2,0,0,4,4,14,3,2,1,22,7,1,1,6,1,1,0,2,1,13,0,1,28,0,6,0,3,2,8,0,0,1,1,14,1,5,0,0,37,7,3,1
2020-02-09,5,4,3,0,4,33,3,1,0,1,23,2,0,2,4,0,2,1,6,12,2,1,3,6,4,2,1,7,0,2,1,1,0,12,0,0,17,0,8,0,4,4,4,0,0,0,0,27,4,1,0,0,25,3,0,3
2020-02-10,4,4,0,0,4,39,4,0,0,0,35,3,3,2,4,1,9,1,11,1,2,4,1,23,8,1,2,1,5,4,0,2,1,9,0,1,25,0,8,1,11,3,13,0,1,0,1,11,2,4,0,0,30,8,0,1
2020-02-11,6,5,0,1,3,94,3,0,0,0,59,11,3,10,4,4,14,0,2,2,2,1,2,16,9,2,2,0,12,4,2,0,0,4,0,2,30,0,13,3,10,1,1,0,1,0,0,16,4,7,0,0,26,1,1,2
2020-02-12,9,1,2,0,1,36,4,0,0,4,34,23,4,12,1,0,10,1,5,2,1,1,1,3,4,3,0,1,1,3,1,1,1,5,5,0,23,0,10,5,6,2,0,1,0,0,2,28,1,3,0,1,28,4,1,0
2020-02-13,8,0,1,0,2,32,1,0,0,0,16,9,1,6,7,1,3,1,6,6,3,2,3,6,4,3,0,1,4,2,0,0,0,3,0,1,38,0,8,0,3,0,3,0,1,0,1,48,0,0,0,0,26,6,0,0
2020-02-14,3,1,1,0,6,38,4,1,0,1,28,9,0,89,3,1,2,1,5,3,5,4,3,9,2,3,2,0,2,0,0,1,0,0,3,1,24,0,1,0,3,4,2,1,3,0,2,18,5,0,0,2,22,5,0,1
2020-02-15,6,9,0,0,4,38,0,0,0,1,19,8,4,100,5,1,5,1,1,0,1,2,1,7,7,0,0,0,2,0,0,4,0,3,0,1,41,0,0,0,1,5,5,0,0,0,2,29,9,3,0,1,23,3,0,3
2020-02-16,7,4,0,0,3,29,2,0,0,2,21,4,7,45,7,5,1,2,2,1,1,1,1,15,3,1,1,1,0,3,1,2,0,1,0,2,30,0,2,1,2,1,5,0,0,0,1,7,1,1,0,1,16,3,0,3
2020-02-17,5,2,8,0,7,48,8,1,0,0,34,5,3,32,9,6,4,0,9,1,1,0,2,12,3,2,0,3,2,0,1,14,0,0,1,1,32,0,5,3,3,5,5,0,0,3,0,25,4,1,0,0,34,9,0,0
2020-02-18,7,0,5,0,8,15,3,0,0,0,13,1,3,16,2,2,3,4,9,1,0,0,0,11,4,3,0,0,1,2,0,7,0,3,1,2,23,0,5,1,22,1,1,0,0,2,2,14,7,2,0,0,33,0,2,1
2020-02-19,7,1,9,0,9,46,5,2,0,0,45,11,0,13,2,2,8,2,10,0,2,1,1,13,3,2,1,0,2,2,0,22,0,1,0,1,40,0,6,0,23,0,8,0,1,1,1,24,7,7,0,0,35,3,0,0
2020-02-20,11,2,4,0,7,58,6,0,0,0,42,8,3,24,6,4,5,1,15,2,0,4,1,13,5,1,5,2,3,6,3,11,0,0,1,2,21,0,6,2,14,2,3,0,0,1,3,20,2,4,0,0,57,3,1,1
2020-02-21,5,1,10,0,7,120,8,1,0,0,53,2,0,34,0,2,6,4,14,0,1,1,3,11,5,4,4,2,2,2,0,39,1,0,1,4,28,0,3,1,9,2,6,0,1,1,2,29,8,4,0,2,45,3,1,3
2020-02-22,6,14,9,0,9,101,5,1,0,4,49,5,0,18,3,1,10,0,13,0,4,3,1,13,8,5,6,1,3,4,2,20,1,0,0,9,37,0,6,2,18,2,8,0,1,2,1,39,8,5,0,1,38,8,0,2
2020-02-23,6,37,3,0,6,74,8,1,0,0,41,1,0,35,7,3,7,3,8,6,1,0,1,14,10,2,1,3,3,7,1,11,1,1,0,7,27,0,2,1,7,2,6,0,0,0,2,19,6,3,0,3,36,1,1,0
2020-02-24,11,46,0,1,5,94,5,2,0,1,48,6,2,23,4,1,9,4,3,5,1,5,1,11,18,5,2,2,3,2,2,8,0,0,0,8,36,1,10,5,5,2,6,0,1,0,1,25,7,5,1,1,46,4,0,1
2020-02-25,7,17,0,0,7,89,5,1,0,1,52,5,0,35,5,6,13,8,10,3,6,4,4,13,12,9,4,2,4,4,2,18,1,3,2,4,59,0,16,6,19,4,15,0,2,0,5,38,8,11,0,2,53,4,0,5
2020-02-26,25,10,7,0,9,123,6,5,2,0,77,52,4,43,8,6,8,11,10,2,6,12,1,12,15,3,2,2,0,1,2,13,2,7,2,3,70,0,11,1,14,1,7,4,4,5,5,24,12,21,0,6,79,9,8,2
2020-02-27,16,13,1,1,12,452,9,2,0,3,74,10,1,56,5,4,23,57,9,1,5,19,7,19,15,5,4,3,12,11,2,13,1,6,5,5,73,0,20,18,20,4,7,5,0,5,1,55,9,17,0,1,88,4,2,7
2020-02-28,7,8,2,0,27,338,7,2,0,2,137,35,0,73,8,5,3,27,8,6,4,12,9,21,15,8,5,5,10,9,0,7,1,4,4,1,101,0,22,14,13,9,13,2,4,1,7,67,12,25,0,1,67,5,3,0
2020-02-29,13,15,3,1,17,372,8,1,0,1,154,21,0,49,14,9,11,20,5,2,6,21,11,23,13,7,8,3,6,6,0,13,1,9,1,8,105,0,21,6,273,8,11,2,9,2,4,61,50,15,0,5,524,8,3,3
2020-03-01,10,26,4,0,27,188,25,6,0,0,148,19,0,29,8,11,50,25,12,3,5,15,14,17,21,3,9,2,3,5,1,6,3,6,2,3,83,0,22,4,68,6,10,41,7,4,7,72,10,10,2,1,501,8,1,5
2020-03-02,18,30,7,0,21,216,26,11,0,3,312,39,0,34,10,12,34,21,17,4,13,17,15,34,38,14,14,6,13,5,6,15,12,11,7,12,181,0,32,20,102,7,7,17,10,6,8,138,16,23,0,6,503,18,1,9
2020-03-03,23,14,12,1,36,173,37,10,0,7,219,112,1,29,15,18,21,17,30,10,4,30,24,29,30,16,15,2,7,38,3,9,12,7,4,8,194,0,72,15,71,15,2,15,7,3,11,138,30,26,0,6,531,25,4,6
2020-03-04,28,11,3,0,53,268,28,16,1,3,153,24,2,48,8,9,55,25,27,5,11,37,10,25,28,18,8,2,2,34,6,9,50,10,2,11,192,0,42,10,89,11,7,30,7,3,8,138,15,24,0,8,503,43,5,5
2020-03-05,29,27,4,1,29,322,57,7,0,5,244,44,1,62,10,6,23,26,31,14,25,8,22,33,37,14,15,11,8,18,5,10,13,25,7,33,182,0,79,21,54,16,13,3,8,5,64,126,20,22,1,10,460,21,11,13
2020-03-06,27,28,24,0,31,261,94,7,3,31,157,60,0,44,12,18,20,74,35,23,8,18,104,25,56,32,23,2,11,15,5,28,9,17,9,23,131,0,59,27,91,37,9,7,5,7,44,98,26,43,1,1,495,10,17,14
2020-03-07,30,29,3,1,43,238,72,19,0,6,303,38,1,84,5,23,68,23,37,22,11,15,48,43,41,30,6,3,8,9,3,20,8,14,4,19,151,0,63,13,90,17,15,4,14,4,9,80,93,19,0,4,424,9,3,20
2020-03-08,29,26,8,1,20,244,70,14,2,6,177,46,1,53,20,4,21,34,51,39,25,14,34,31,42,15,25,13,10,13,5,37,8,15,8,12,186,0,77,10,79,16,19,6,7,3,17,71,37,54,1,22,377,7,9,8
2020-03-09,32,29,5,3,20,233,58,9,1,4,166,51,2,49,66,20,34,49,21,40,44,10,28,27,61,22,19,13,12,10,7,16,3,20,7,11,218,0,126,11,78,22,15,2,4,5,14,83,14,27,1,8,315,36,11,6
2020-03-10,34,32,23,2,43,336,66,18,1,13,223,65,2,38,24,14,40,44,42,44,25,30,43,22,78,35,13,9,19,14,5,12,2,38,18,15,239,0,127,26,64,11,19,7,12,17,34,145,32,54,0,10,353,31,5,10
2020-03-11,37,76,32,2,42,254,115,15,0,27,446,71,0,56,34,23,33,46,65,38,23,40,28,46,148,50,19,17,20,9,9,16,7,25,15,21,232,1,114,31,76,22,10,16,8,21,22,154,52,54,1,13,435,27,9,12
2020-03-12,50,94,49,2,36,293,116,19,2,19,394,104,0,61,43,42,34,62,103,40,24,24,60,70,60,37,38,33,29,22,18,34,5,24,13,11,251,0,364,34,106,37,12,9,28,12,27,139,99,74,2,3,398,44,27,51
2020-03-13,60,137,48,0,56,342,147,22,1,26,455,85,3,86,23,114,61,63,108,50,85,41,70,66,182,46,31,19,61,24,5,25,12,37,36,16,261,0,504,64,133,42,34,5,14,17,27,201,139,140,0,10,501,50,73,12
2020-03-14,29,43,29,2,60,219,120,12,4,6,397,53,0,32,29,26,83,62,61,47,73,35,52,42,95,26,27,9,39,24,7,10,1,23,10,19,247,1,274,39,58,27,31,9,14,4,32,156,76,106,5,12,355,42,84,14
2020-03-15,34,60,39,3,71,344,114,17,1,14,455,61,13,61,43,36,145,110,68,72,73,61,28,64,140,60,30,24,21,32,3,22,13,41,11,40,313,3,509,132,72,35,22,13,25,7,47,184,84,131,5,10,352,47,85,9
2020-03-16,30,48,20,4,56,338,137,22,4,10,376,48,3,48,35,28,116,64,64,71,65,73,46,51,122,37,36,10,22,21,11,20,3,35,14,40,270,0,489,76,75,36,17,6,15,2,54,218,76,104,2,5,367,42,61,12
2020-03-17,42,47,18,0,52,293,107,26,1,19,709,62,6,36,38,13,80,57,85,51,44,21,33,37,94,36,35,26,11,26,10,7,7,36,13,24,306,1,293,47,65,46,22,5,12,10,25,205,57,176,4,8,339,58,132,14
2020-03-18,25,72,26,2,43,270,59,19,1,5,625,53,5,39,30,18,63,43,115,37,44,21,27,48,89,39,26,21,12,15,10,14,1,35,10,52,360,0,152,76,59,28,14,7,14,3,27,243,77,78,1,9,316,46,47,9
2020-03-19,24,76,26,5,45,368,97,18,1,4,698,66,2,45,49,30,61,59,79,42,55,29,39,58,110,55,36,34,8,24,6,29,6,49,8,31,387,0,222,80,84,65,11,1,9,13,38,242,75,63,2,12,342,38,30,14
2020-03-20,19,53,17,3,41,710,81,13,0,7,651,60,1,48,37,9,126,55,56,40,67,52,42,41,110,47,33,12,16,23,3,11,15,46,9,38,453,0,173,51,61,87,13,7,9,7,44,229,53,41,2,13,346,61,16,18
2020-03-21,21,39,13,0,47,456,66,22,1,15,551,75,1,38,41,23,201,42,83,24,29,23,22,37,98,27,45,14,42,14,7,14,6,49,10,21,476,0,105,27,90,34,17,8,6,8,48,175,26,41,1,7,338,63,11,7
2020-03-22,24,33,14,0,55,394,55,21,1,16,555,124,9,53,23,15,89,58,41,60,83,25,35,43,176,63,23,14,23,16,12,25,8,54,8,23,647,0,234,26,64,44,15,6,12,17,53,182,35,60,2,9,298,31,17,8
2020-03-23,19,35,20,2,65,435,67,30,0,19,664,94,4,41,27,27,66,43,52,47,98,48,35,43,134,70,24,23,16,22,2,34,5,48,11,21,617,0,164,44,108,38,10,2,20,23,26,189,43,104,1,13,327,68,35,17
2020-03-24,28,51,22,1,108,408,65,16,1,10,670,84,2,31,27,35,76,40,80,69,95,32,33,49,84,27,38,279,19,12,15,21,9,36,11,27,774,0,153,37,84,17,13,5,11,6,41,359,43,83,0,13,290,37,27,26
2020-03-25,24,52,12,1,71,399,37,13,0,15,440,88,2,28,25,37,42,37,53,98,93,30,29,42,83,45,84,88,18,18,6,17,3,44,10,40,598,0,126,43,44,32,8,5,11,7,25,190,36,45,0,7,229,39,15,9
2020-03-26,30,56,24,0,65,347,73,21,0,3,468,95,5,30,31,19,65,26,69,43,123,32,33,43,100,23,39,92,23,19,2,17,11,48,8,13,742,0,114,29,50,39,9,1,14,11,28,289,19,34,0,13,250,17,4,10
2020-03-27,23,279,16,0,86,457,48,13,0,8,520,89,12,27,37,23,84,48,56,34,131,39,23,42,168,37,26,72,24,32,7,13,6,66,10,12,783,0,158,42,41,29,8,7,20,8,29,225,29,42,2,9,244,26,11,15
2020-03-28,33,91,13,2,53,287,51,38,2,7,559,53,3,31,32,11,57,34,40,20,88,29,33,50,176,31,13,42,16,12,1,12,8,55,8,19,734,3,91,22,67,25,16,35,15,10,35,195,30,30,1,11,192,19,10,11
2020-03-29,26,68,14,1,59,255,45,17,1,7,446,60,6,24,27,16,50,30,43,63,67,25,59,67,121,27,19,31,18,18,7,14,7,47,9,16,720,0,154,26,37,16,12,52,15,5,41,152,16,53,3,15,165,24,15,18
2020-03-30,17,102,13,1,60,257,48,17,1,3,490,40,7,13,20,12,35,29,34,17,113,33,43,50,105,12,19,26,14,11,12,8,4,24,9,16,501,0,105,30,36,16,9,24,5,3,34,117,23,74,1,15,169,15,11,7
2020-03-31,22,41,26,0,51,231,44,8,3,2,479,45,14,7,11,6,49,34,43,22,56,22,23,33,108,43,15,15,10,7,4,9,2,45,6,16,524,0,61,24,24,32,15,6,5,3,23,140,24,63,1,17,172,14,10,17
2020-04-01,38,62,15,2,52,344,65,25,2,6,1534,141,42,15,27,19,60,39,37,42,81,30,24,65,100,27,25,47,18,9,8,20,4,26,3,19,535,0,122,32,32,32,5,15,17,10,28,363,30,30,2,14,205,14,5,12
2020-04-02,20,80,33,2,45,383,76,22,0,3,531,170,35,15,52,31,47,30,57,78,84,33,20,35,199,28,26,43,18,7,28,19,2,26,15,11,439,1,131,28,33,26,5,4,16,18,63,220,27,28,1,16,176,32,11,17
2020-04-03,18,80,44,0,28,248,50,25,0,8,417,97,24,17,89,22,53,30,71,23,59,31,22,29,63,42,30,27,12,10,6,14,5,40,9,8,510,0,96,24,33,16,12,12,14,8,20,161,29,25,1,7,163,12,3,14
2020-04-04,11,128,22,1,33,255,64,7,0,11,386,158,12,16,26,22,35,5,60,11,49,25,12,26,57,25,14,25,6,11,4,7,2,35,7,5,499,0,75,18,177,17,12,2,18,13,20,155,16,22,0,10,187,28,3,3
2020-04-05,28,152,51,0,51,306,58,10,1,7,473,110,2,30,41,18,28,27,84,32,83,23,20,35,97,20,18,31,10,17,11,10,1,62,8,6,556,0,111,30,97,20,13,6,15,26,20,177,24,40,1,14,182,37,10,9
2020-04-06,22,54,18,1,33,322,34,13,2,5,266,200,3,6,14,10,39,14,53,21,107,23,16,27,83,16,21,23,9,12,5,13,3,39,6,12,512,0,142,29,46,12,6,4,22,5,25,135,23,28,0,7,195,58,5,13
2020-04-07,33,37,20,0,44,333,55,4,2,2,292,82,9,17,80,22,65,17,44,34,76,17,38,37,110,28,17,24,10,8,14,15,2,37,3,15,438,0,88,15,28,26,17,4,8,7,28,143,16,28,0,13,145,83,2,18
2020-04-08,27,30,18,2,40,346,57,13,1,2,278,65,12,20,24,11,44,20,40,22,61,45,34,33,90,26,8,31,5,9,7,8,1,37,6,30,502,0,91,19,49,11,10,7,11,12,29,161,16,24,0,9,155,65,8,8
2020-04-09,22,27,30,4,37,356,33,6,0,4,250,58,6,11,30,16,23,17,60,21,58,22,15,23,67,31,18,7,14,5,4,10,3,24,8,14,491,0,91,7,43,10,9,3,5,7,18,128,24,19,3,2,192,52,2,5
2020-04-10,22,27,11,0,21,318,31,7,1,5,388,48,31,14,10,13,31,16,41,20,53,27,17,25,102,23,11,6,10,5,5,16,2,30,7,4,469,0,76,10,31,18,2,3,11,8,13,129,25,28,0,8,148,27,4,14
2020-04-11,1,1,1,0,0,6,3,1,0,0,5,2,0,0,0,1,1,1,1,2,1,0,2,0,4,0,0,1,0,0,0,0,0,0,0,0,13,0,1,1,0,0,1,0,0,0,0,5,0,0,0,0,2,0,0,1
