State,Posts_Cases,Posts_Deaths,Comments_Cases,Comments_Deaths,Posts_Comments_Cases,Posts_Comments_Deaths
Alaska,NaN,NaN,0.2976790824162951,0.22291477521531333,0.28253447524937947,0.21073505838542186
Alabama,NaN,NaN,0.5197809020895287,0.4140563589565653,0.5162398767896372,0.41107244391445563
Arkansas,NaN,NaN,0.5048060420069463,0.47788306588396723,0.4933610196598014,0.467834434748592
American Samoa,NaN,NaN,NaN,NaN,NaN,NaN
Arizona,0.08252757545809704,0.05077482385247931,0.41155338524534274,0.3351793762041831,0.3709459926749082,0.30029187409310293
California,0.04371826209751478,0.01647509133983725,0.4071350397550638,0.37749857315875457,0.39535001658956287,0.36645717347934104
Colorado,NaN,NaN,0.26884119176909993,0.2221651758918993,0.2626558364063743,0.21681149796949578
Connecticut,0.11937841049650325,0.0645578010246145,0.3072769343543633,0.22427113929997095,0.2951863888023718,0.2150288155358762
District of Columbia,NaN,NaN,0.28625896175086885,0.2562185609665878,0.26036965779289106,0.2294551693214539
Delaware,NaN,NaN,0.08437525186035072,0.036347006051377785,0.0828639911483872,0.034152661602400505
Florida,0.1031556309460261,0.06959495682138075,0.4727889183408611,0.40269891475591213,0.4688336981527893,0.3990833256103481
Georgia,NaN,NaN,0.6936569181148274,0.6818695259678949,0.686873581214421,0.6752725263409131
Guam,NaN,NaN,0.4663284145697105,0.6570980805965049,0.4554029453219167,0.6436044650645228
Hawaii,0.18101753981425878,0.1306386573659557,-0.15128964921962443,-0.17327803277954867,-0.16057244346016064,-0.18028585522022855
Iowa,NaN,NaN,0.5685096721313386,0.5085126952520067,0.5590951443671089,0.5004721716480872
Idaho,NaN,NaN,0.2031315004332735,0.18555921796056662,0.19600002928264054,0.17877082244946021
Illinois,NaN,NaN,0.24069183345905257,0.1747029881436569,0.22170503676893763,0.159041142775663
Indiana,0.09948017098034244,0.07169948860913264,0.07743622815132352,0.05760895122478685,0.06864075358838902,0.049409163309768384
Kansas,NaN,NaN,0.3915227001159821,0.367378270289032,0.37423412848692555,0.3514513622968971
Kentucky,NaN,NaN,0.32850819734308245,0.24917530065788548,0.32213142132842815,0.24371020361394702
Louisiana,NaN,NaN,0.5832644213629571,0.5990892508941547,0.5739233924073178,0.5896971466811698
Massachusetts,0.12622409990630154,0.10209444412247357,0.29680958673071556,0.2145876557779013,0.2733320979500931,0.19631354656680033
Maryland,0.0642936128285471,0.043038297203894134,0.18789867356856163,0.13510090946447556,0.17293224715083202,0.12258746964634823
Maine,NaN,NaN,0.4356763435487537,0.28523225517150136,0.428861465118284,0.2790746760046561
Michigan,0.11806314416727105,0.08845769803348524,0.4595630828105515,0.3867041538573999,0.44989425793355786,0.37800667972637103
Minnesota,-0.03643635464762923,-0.04425266356641654,0.38812573639643544,0.23193384548403573,0.36131563626140256,0.21271509479772904
Missouri,NaN,NaN,0.2902055288259724,0.23543981845564707,0.28404325481549253,0.23109822305237165
Mississippi,NaN,NaN,0.32973223167374593,0.22590575236954305,0.32685836542765745,0.22346240612328833
Montana,NaN,NaN,0.2370921714123548,0.15051485074255574,0.22699871249263803,0.14145291946687644
North Carolina,0.09840682242445263,0.010147752225748213,0.1677236856213899,0.07147908635929888,0.16791565331086575,0.07488295512435528
North Dakota,NaN,NaN,0.49996126927465423,0.4419003335254679,0.4912564491232862,0.43192162326751715
Nebraska,NaN,NaN,0.18300375493022797,0.08664353133666583,0.17181567632677655,0.0777770536131331
New Hampshire,NaN,NaN,0.0013196083113581562,-0.03903085901266965,-0.004380981938029587,-0.04378052350451864
New Jersey,0.343358886961084,0.28797125617088315,0.5294062252256562,0.4368038248066466,0.523670446195719,0.43161263198473954
New Mexico,NaN,NaN,0.2115430931495366,0.15937213214992205,0.2090462475936137,0.15637684172309899
Nevada,-0.07535746384839792,-0.0677598861435344,0.1737945557513724,0.11540220173379592,0.14732256881023723,0.09321123993608449
New York,0.19696470236358038,0.15496445869296133,0.7031650521094776,0.525936814585433,0.701880543764005,0.5248377505528814
Northern Mariana Islands,NaN,NaN,-0.027435722081206076,-0.06664725094090425,-0.034627712781054476,-0.07248890255392622
Ohio,0.10927460646811786,0.08576951428984929,0.142226405189692,0.10391779781459919,0.1341008008557854,0.0969291271945501
Oklahoma,-0.04650724522834364,-0.045613667800533574,0.17616768660880913,0.14783832741969624,0.16728216076882935,0.1395844665733641
Oregon,NaN,NaN,0.21076991044233595,0.20532759403591105,0.20122991719561356,0.19592282588793264
Pennsylvania,-0.040742144545783704,-0.03932454054705675,0.20001452662746586,0.15871793971187018,0.17785244755527008,0.13947389918925576
Puerto Rico,NaN,NaN,0.13860982011285378,0.13993186941459385,0.1359105766073982,0.1373476644821895
Rhode Island,NaN,NaN,0.19337046514601156,0.12440952293013088,0.1881682976471426,0.12022683676922745
South Carolina,NaN,NaN,0.4974269741092625,0.48386164079404886,0.4940193784753515,0.48056588968821745
South Dakota,NaN,NaN,0.4224762610827536,0.5280020910125636,0.4207721659402619,0.5285109174136183
Tennessee,-0.05376465445295055,-0.04121094089336236,0.4126705338521519,0.2793897408131733,0.39169045609698305,0.26333076339026146
Texas,0.06639454850208727,0.055005324545717584,0.4373118501412106,0.38502475803642533,0.4341092313462512,0.38207275602355495
Utah,-0.04918146146364358,-0.046740749901460175,0.07143369825451572,0.022295566923320725,0.05855249446946898,0.01147504243094756
Virginia,-0.06881713482436816,-0.07209338121620529,0.11901734359698331,0.12199174308550667,0.10776782900083302,0.11082257073770496
Virgin Islands,NaN,NaN,0.19375588722625978,-0.07713720847036445,0.18174479296913978,-0.08267960244308209
Vermont,0.1692145296328123,0.20494118104654402,0.5689640036421151,0.6027530618042953,0.5381724124977384,0.5712301458609419
Washington,-0.02305859305836175,-0.0011037089938377535,0.12918215865501956,0.17213547500980408,0.12254006097254909,0.16534858974034566
Wisconsin,0.17790644188052887,0.10553607411205136,0.4081037662441413,0.3915563361965577,0.3901458708545262,0.37508555237286945
West Virginia,-0.03626960347863022,-0.04133697114686508,-0.053195865034419275,-0.07386373004796935,-0.05382829861229838,-0.07420791878112647
Wyoming,NaN,NaN,0.3650200052805353,NaN,0.3559937041130641,NaN
